{
    "annotations": [
        {
            "area": 1.5,
            "bbox": [
                403,
                197,
                125,
                343
            ],
            "category_id": 1,
            "id": 1,
            "image_id": 1,
            "iscrowd": 0
        },
        {
            "area": 1.5,
            "bbox": [
                330,
                145,
                331,
                136
            ],
            "category_id": 1,
            "id": 2,
            "image_id": 2,
            "iscrowd": 0
        },
        {
            "area": 1.5,
            "bbox": [
                370,
                183,
                267,
                248
            ],
            "category_id": 1,
            "id": 3,
            "image_id": 3,
            "iscrowd": 0
        },
        {
            "area": 1.5,
            "bbox": [
                431,
                212,
                171,
                315
            ],
            "category_id": 1,
            "id": 4,
            "image_id": 4,
            "iscrowd": 0
        },
        {
            "area": 1.5,
            "bbox": [
                222,
                166,
                309,
                200
            ],
            "category_id": 1,
            "id": 5,
            "image_id": 5,
            "iscrowd": 0
        },
        {
            "area": 1.5,
            "bbox": [
                303,
                346,
                344,
                124
            ],
            "category_id": 1,
            "id": 6,
            "image_id": 6,
            "iscrowd": 0
        },
        {
            "area": 1.5,
            "bbox": [
                352,
                144,
                252,
                263
            ],
            "category_id": 1,
            "id": 7,
            "image_id": 7,
            "iscrowd": 0
        },
        {
            "area": 1.5,
            "bbox": [
                324,
                184,
                342,
                132
            ],
            "category_id": 1,
            "id": 8,
            "image_id": 8,
            "iscrowd": 0
        },
        {
            "area": 1.5,
            "bbox": [
                232,
                159,
                189,
                315
            ],
            "category_id": 1,
            "id": 9,
            "image_id": 9,
            "iscrowd": 0
        },
        {
            "area": 1.5,
            "bbox": [
                207,
                253,
                224,
                284
            ],
            "category_id": 1,
            "id": 10,
            "image_id": 10,
            "iscrowd": 0
        },
        {
            "area": 1.5,
            "bbox": [
                307,
                141,
                196,
                311
            ],
            "category_id": 1,
            "id": 11,
            "image_id": 11,
            "iscrowd": 0
        },
        {
            "area": 1.5,
            "bbox": [
                324,
                104,
                211,
                292
            ],
            "category_id": 1,
            "id": 12,
            "image_id": 12,
            "iscrowd": 0
        },
        {
            "area": 1.5,
            "bbox": [
                359,
                183,
                124,
                344
            ],
            "category_id": 1,
            "id": 13,
            "image_id": 13,
            "iscrowd": 0
        },
        {
            "area": 1.5,
            "bbox": [
                217,
                339,
                341,
                133
            ],
            "category_id": 1,
            "id": 14,
            "image_id": 14,
            "iscrowd": 0
        },
        {
            "area": 1.5,
            "bbox": [
                279,
                293,
                123,
                307
            ],
            "category_id": 1,
            "id": 15,
            "image_id": 15,
            "iscrowd": 0
        },
        {
            "area": 1.5,
            "bbox": [
                234,
                341,
                343,
                121
            ],
            "category_id": 1,
            "id": 16,
            "image_id": 16,
            "iscrowd": 0
        },
        {
            "area": 1.5,
            "bbox": [
                294,
                217,
                272,
                241
            ],
            "category_id": 1,
            "id": 17,
            "image_id": 17,
            "iscrowd": 0
        },
        {
            "area": 1.5,
            "bbox": [
                302,
                0,
                178,
                308
            ],
            "category_id": 1,
            "id": 18,
            "image_id": 18,
            "iscrowd": 0
        },
        {
            "area": 1.5,
            "bbox": [
                389,
                192,
                232,
                283
            ],
            "category_id": 1,
            "id": 19,
            "image_id": 19,
            "iscrowd": 0
        },
        {
            "area": 1.5,
            "bbox": [
                288,
                336,
                340,
                134
            ],
            "category_id": 1,
            "id": 20,
            "image_id": 20,
            "iscrowd": 0
        },
        {
            "area": 1.5,
            "bbox": [
                341,
                100,
                308,
                185
            ],
            "category_id": 1,
            "id": 21,
            "image_id": 21,
            "iscrowd": 0
        },
        {
            "area": 1.5,
            "bbox": [
                262,
                235,
                121,
                340
            ],
            "category_id": 1,
            "id": 22,
            "image_id": 22,
            "iscrowd": 0
        },
        {
            "area": 1.5,
            "bbox": [
                260,
                177,
                265,
                248
            ],
            "category_id": 1,
            "id": 23,
            "image_id": 23,
            "iscrowd": 0
        },
        {
            "area": 1.5,
            "bbox": [
                344,
                242,
                138,
                338
            ],
            "category_id": 1,
            "id": 24,
            "image_id": 24,
            "iscrowd": 0
        },
        {
            "area": 1.5,
            "bbox": [
                224,
                287,
                341,
                121
            ],
            "category_id": 1,
            "id": 25,
            "image_id": 25,
            "iscrowd": 0
        },
        {
            "area": 1.5,
            "bbox": [
                435,
                143,
                280,
                228
            ],
            "category_id": 1,
            "id": 26,
            "image_id": 26,
            "iscrowd": 0
        },
        {
            "area": 1.5,
            "bbox": [
                251,
                271,
                343,
                123
            ],
            "category_id": 1,
            "id": 27,
            "image_id": 27,
            "iscrowd": 0
        },
        {
            "area": 1.5,
            "bbox": [
                330,
                171,
                286,
                229
            ],
            "category_id": 1,
            "id": 28,
            "image_id": 28,
            "iscrowd": 0
        },
        {
            "area": 1.5,
            "bbox": [
                334,
                141,
                136,
                331
            ],
            "category_id": 1,
            "id": 29,
            "image_id": 29,
            "iscrowd": 0
        },
        {
            "area": 1.5,
            "bbox": [
                268,
                13,
                171,
                325
            ],
            "category_id": 1,
            "id": 30,
            "image_id": 30,
            "iscrowd": 0
        },
        {
            "area": 1.5,
            "bbox": [
                307,
                214,
                189,
                306
            ],
            "category_id": 1,
            "id": 31,
            "image_id": 31,
            "iscrowd": 0
        },
        {
            "area": 1.5,
            "bbox": [
                388,
                206,
                303,
                194
            ],
            "category_id": 1,
            "id": 32,
            "image_id": 32,
            "iscrowd": 0
        },
        {
            "area": 1.5,
            "bbox": [
                390,
                214,
                339,
                122
            ],
            "category_id": 1,
            "id": 33,
            "image_id": 33,
            "iscrowd": 0
        },
        {
            "area": 1.5,
            "bbox": [
                353,
                152,
                343,
                123
            ],
            "category_id": 1,
            "id": 34,
            "image_id": 34,
            "iscrowd": 0
        },
        {
            "area": 1.5,
            "bbox": [
                266,
                233,
                319,
                163
            ],
            "category_id": 1,
            "id": 35,
            "image_id": 35,
            "iscrowd": 0
        },
        {
            "area": 1.5,
            "bbox": [
                271,
                348,
                342,
                127
            ],
            "category_id": 1,
            "id": 36,
            "image_id": 36,
            "iscrowd": 0
        },
        {
            "area": 1.5,
            "bbox": [
                254,
                159,
                163,
                320
            ],
            "category_id": 1,
            "id": 37,
            "image_id": 37,
            "iscrowd": 0
        },
        {
            "area": 1.5,
            "bbox": [
                312,
                256,
                163,
                320
            ],
            "category_id": 1,
            "id": 38,
            "image_id": 38,
            "iscrowd": 0
        },
        {
            "area": 1.5,
            "bbox": [
                322,
                258,
                262,
                252
            ],
            "category_id": 1,
            "id": 39,
            "image_id": 39,
            "iscrowd": 0
        },
        {
            "area": 1.5,
            "bbox": [
                350,
                230,
                301,
                211
            ],
            "category_id": 1,
            "id": 40,
            "image_id": 40,
            "iscrowd": 0
        },
        {
            "area": 1.5,
            "bbox": [
                277,
                127,
                232,
                278
            ],
            "category_id": 1,
            "id": 41,
            "image_id": 41,
            "iscrowd": 0
        },
        {
            "area": 1.5,
            "bbox": [
                334,
                264,
                332,
                154
            ],
            "category_id": 1,
            "id": 42,
            "image_id": 42,
            "iscrowd": 0
        },
        {
            "area": 1.5,
            "bbox": [
                397,
                100,
                189,
                315
            ],
            "category_id": 1,
            "id": 43,
            "image_id": 43,
            "iscrowd": 0
        },
        {
            "area": 1.5,
            "bbox": [
                368,
                324,
                308,
                200
            ],
            "category_id": 1,
            "id": 44,
            "image_id": 44,
            "iscrowd": 0
        },
        {
            "area": 1.5,
            "bbox": [
                232,
                186,
                337,
                124
            ],
            "category_id": 1,
            "id": 45,
            "image_id": 45,
            "iscrowd": 0
        },
        {
            "area": 1.5,
            "bbox": [
                340,
                157,
                190,
                306
            ],
            "category_id": 1,
            "id": 46,
            "image_id": 46,
            "iscrowd": 0
        },
        {
            "area": 1.5,
            "bbox": [
                301,
                83,
                178,
                321
            ],
            "category_id": 1,
            "id": 47,
            "image_id": 47,
            "iscrowd": 0
        },
        {
            "area": 1.5,
            "bbox": [
                296,
                140,
                294,
                207
            ],
            "category_id": 1,
            "id": 48,
            "image_id": 48,
            "iscrowd": 0
        },
        {
            "area": 1.5,
            "bbox": [
                440,
                139,
                203,
                307
            ],
            "category_id": 1,
            "id": 49,
            "image_id": 49,
            "iscrowd": 0
        },
        {
            "area": 1.5,
            "bbox": [
                279,
                277,
                194,
                303
            ],
            "category_id": 1,
            "id": 50,
            "image_id": 50,
            "iscrowd": 0
        },
        {
            "area": 1.5,
            "bbox": [
                257,
                276,
                124,
                324
            ],
            "category_id": 1,
            "id": 51,
            "image_id": 51,
            "iscrowd": 0
        },
        {
            "area": 1.5,
            "bbox": [
                305,
                165,
                222,
                293
            ],
            "category_id": 1,
            "id": 52,
            "image_id": 52,
            "iscrowd": 0
        },
        {
            "area": 1.5,
            "bbox": [
                297,
                66,
                275,
                236
            ],
            "category_id": 1,
            "id": 53,
            "image_id": 53,
            "iscrowd": 0
        },
        {
            "area": 1.5,
            "bbox": [
                342,
                174,
                232,
                278
            ],
            "category_id": 1,
            "id": 54,
            "image_id": 54,
            "iscrowd": 0
        },
        {
            "area": 1.5,
            "bbox": [
                278,
                265,
                126,
                335
            ],
            "category_id": 1,
            "id": 55,
            "image_id": 55,
            "iscrowd": 0
        },
        {
            "area": 1.5,
            "bbox": [
                304,
                162,
                333,
                155
            ],
            "category_id": 1,
            "id": 56,
            "image_id": 56,
            "iscrowd": 0
        },
        {
            "area": 1.5,
            "bbox": [
                241,
                116,
                268,
                244
            ],
            "category_id": 1,
            "id": 57,
            "image_id": 57,
            "iscrowd": 0
        },
        {
            "area": 1.5,
            "bbox": [
                232,
                290,
                133,
                310
            ],
            "category_id": 1,
            "id": 58,
            "image_id": 58,
            "iscrowd": 0
        },
        {
            "area": 1.5,
            "bbox": [
                344,
                168,
                308,
                200
            ],
            "category_id": 1,
            "id": 59,
            "image_id": 59,
            "iscrowd": 0
        },
        {
            "area": 1.5,
            "bbox": [
                301,
                236,
                340,
                134
            ],
            "category_id": 1,
            "id": 60,
            "image_id": 60,
            "iscrowd": 0
        },
        {
            "area": 1.5,
            "bbox": [
                299,
                348,
                248,
                252
            ],
            "category_id": 1,
            "id": 61,
            "image_id": 61,
            "iscrowd": 0
        },
        {
            "area": 1.5,
            "bbox": [
                295,
                262,
                232,
                278
            ],
            "category_id": 1,
            "id": 62,
            "image_id": 62,
            "iscrowd": 0
        },
        {
            "area": 1.5,
            "bbox": [
                347,
                165,
                332,
                133
            ],
            "category_id": 1,
            "id": 63,
            "image_id": 63,
            "iscrowd": 0
        },
        {
            "area": 1.5,
            "bbox": [
                253,
                78,
                245,
                270
            ],
            "category_id": 1,
            "id": 64,
            "image_id": 64,
            "iscrowd": 0
        },
        {
            "area": 1.5,
            "bbox": [
                337,
                284,
                252,
                263
            ],
            "category_id": 1,
            "id": 65,
            "image_id": 65,
            "iscrowd": 0
        },
        {
            "area": 1.5,
            "bbox": [
                318,
                142,
                203,
                298
            ],
            "category_id": 1,
            "id": 66,
            "image_id": 66,
            "iscrowd": 0
        },
        {
            "area": 1.5,
            "bbox": [
                282,
                219,
                133,
                341
            ],
            "category_id": 1,
            "id": 67,
            "image_id": 67,
            "iscrowd": 0
        },
        {
            "area": 1.5,
            "bbox": [
                231,
                305,
                331,
                158
            ],
            "category_id": 1,
            "id": 68,
            "image_id": 68,
            "iscrowd": 0
        },
        {
            "area": 1.5,
            "bbox": [
                389,
                173,
                167,
                317
            ],
            "category_id": 1,
            "id": 69,
            "image_id": 69,
            "iscrowd": 0
        },
        {
            "area": 1.5,
            "bbox": [
                215,
                223,
                194,
                304
            ],
            "category_id": 1,
            "id": 70,
            "image_id": 70,
            "iscrowd": 0
        },
        {
            "area": 1.5,
            "bbox": [
                439,
                215,
                185,
                308
            ],
            "category_id": 1,
            "id": 71,
            "image_id": 71,
            "iscrowd": 0
        },
        {
            "area": 1.5,
            "bbox": [
                385,
                236,
                289,
                215
            ],
            "category_id": 1,
            "id": 72,
            "image_id": 72,
            "iscrowd": 0
        },
        {
            "area": 1.5,
            "bbox": [
                357,
                116,
                199,
                300
            ],
            "category_id": 1,
            "id": 73,
            "image_id": 73,
            "iscrowd": 0
        },
        {
            "area": 1.5,
            "bbox": [
                408,
                244,
                121,
                342
            ],
            "category_id": 1,
            "id": 74,
            "image_id": 74,
            "iscrowd": 0
        },
        {
            "area": 1.5,
            "bbox": [
                304,
                175,
                176,
                313
            ],
            "category_id": 1,
            "id": 75,
            "image_id": 75,
            "iscrowd": 0
        },
        {
            "area": 1.5,
            "bbox": [
                216,
                103,
                139,
                336
            ],
            "category_id": 1,
            "id": 76,
            "image_id": 76,
            "iscrowd": 0
        },
        {
            "area": 1.5,
            "bbox": [
                374,
                187,
                235,
                280
            ],
            "category_id": 1,
            "id": 77,
            "image_id": 77,
            "iscrowd": 0
        },
        {
            "area": 1.5,
            "bbox": [
                336,
                267,
                194,
                304
            ],
            "category_id": 1,
            "id": 78,
            "image_id": 78,
            "iscrowd": 0
        },
        {
            "area": 1.5,
            "bbox": [
                238,
                326,
                339,
                137
            ],
            "category_id": 1,
            "id": 79,
            "image_id": 79,
            "iscrowd": 0
        },
        {
            "area": 1.5,
            "bbox": [
                403,
                259,
                124,
                341
            ],
            "category_id": 1,
            "id": 80,
            "image_id": 80,
            "iscrowd": 0
        },
        {
            "area": 1.5,
            "bbox": [
                235,
                315,
                277,
                238
            ],
            "category_id": 1,
            "id": 81,
            "image_id": 81,
            "iscrowd": 0
        },
        {
            "area": 1.5,
            "bbox": [
                421,
                199,
                283,
                224
            ],
            "category_id": 1,
            "id": 82,
            "image_id": 82,
            "iscrowd": 0
        },
        {
            "area": 1.5,
            "bbox": [
                320,
                103,
                199,
                308
            ],
            "category_id": 1,
            "id": 83,
            "image_id": 83,
            "iscrowd": 0
        },
        {
            "area": 1.5,
            "bbox": [
                348,
                279,
                207,
                295
            ],
            "category_id": 1,
            "id": 84,
            "image_id": 84,
            "iscrowd": 0
        },
        {
            "area": 1.5,
            "bbox": [
                309,
                230,
                289,
                225
            ],
            "category_id": 1,
            "id": 85,
            "image_id": 85,
            "iscrowd": 0
        },
        {
            "area": 1.5,
            "bbox": [
                315,
                166,
                242,
                273
            ],
            "category_id": 1,
            "id": 86,
            "image_id": 86,
            "iscrowd": 0
        },
        {
            "area": 1.5,
            "bbox": [
                337,
                136,
                123,
                343
            ],
            "category_id": 1,
            "id": 87,
            "image_id": 87,
            "iscrowd": 0
        },
        {
            "area": 1.5,
            "bbox": [
                343,
                215,
                339,
                136
            ],
            "category_id": 1,
            "id": 88,
            "image_id": 88,
            "iscrowd": 0
        },
        {
            "area": 1.5,
            "bbox": [
                266,
                207,
                224,
                284
            ],
            "category_id": 1,
            "id": 89,
            "image_id": 89,
            "iscrowd": 0
        },
        {
            "area": 1.5,
            "bbox": [
                258,
                194,
                203,
                298
            ],
            "category_id": 1,
            "id": 90,
            "image_id": 90,
            "iscrowd": 0
        },
        {
            "area": 1.5,
            "bbox": [
                420,
                51,
                225,
                290
            ],
            "category_id": 1,
            "id": 91,
            "image_id": 91,
            "iscrowd": 0
        },
        {
            "area": 1.5,
            "bbox": [
                356,
                214,
                272,
                240
            ],
            "category_id": 1,
            "id": 92,
            "image_id": 92,
            "iscrowd": 0
        },
        {
            "area": 1.5,
            "bbox": [
                414,
                169,
                262,
                252
            ],
            "category_id": 1,
            "id": 93,
            "image_id": 93,
            "iscrowd": 0
        },
        {
            "area": 1.5,
            "bbox": [
                353,
                217,
                343,
                123
            ],
            "category_id": 1,
            "id": 94,
            "image_id": 94,
            "iscrowd": 0
        },
        {
            "area": 1.5,
            "bbox": [
                386,
                349,
                340,
                134
            ],
            "category_id": 1,
            "id": 95,
            "image_id": 95,
            "iscrowd": 0
        },
        {
            "area": 1.5,
            "bbox": [
                250,
                243,
                263,
                252
            ],
            "category_id": 1,
            "id": 96,
            "image_id": 96,
            "iscrowd": 0
        },
        {
            "area": 1.5,
            "bbox": [
                339,
                212,
                281,
                228
            ],
            "category_id": 1,
            "id": 97,
            "image_id": 97,
            "iscrowd": 0
        },
        {
            "area": 1.5,
            "bbox": [
                330,
                255,
                343,
                123
            ],
            "category_id": 1,
            "id": 98,
            "image_id": 98,
            "iscrowd": 0
        },
        {
            "area": 1.5,
            "bbox": [
                430,
                246,
                168,
                318
            ],
            "category_id": 1,
            "id": 99,
            "image_id": 99,
            "iscrowd": 0
        },
        {
            "area": 1.5,
            "bbox": [
                298,
                211,
                232,
                278
            ],
            "category_id": 1,
            "id": 100,
            "image_id": 100,
            "iscrowd": 0
        }
    ],
    "categories": [
        {
            "id": 1,
            "name": "lemon",
            "supercategory": "lemon"
        },
        {
            "id": 2,
            "name": "test2",
            "supercategory": "test2"
        }
    ],
    "images": [
        {
            "file_name": "lemon_bg_0_aug_0.jpg",
            "height": 600,
            "id": 1,
            "width": 800
        },
        {
            "file_name": "lemon_bg_0_aug_1.jpg",
            "height": 600,
            "id": 2,
            "width": 800
        },
        {
            "file_name": "lemon_bg_0_aug_2.jpg",
            "height": 600,
            "id": 3,
            "width": 800
        },
        {
            "file_name": "lemon_bg_0_aug_3.jpg",
            "height": 600,
            "id": 4,
            "width": 800
        },
        {
            "file_name": "lemon_bg_0_aug_4.jpg",
            "height": 600,
            "id": 5,
            "width": 800
        },
        {
            "file_name": "lemon_bg_0_aug_5.jpg",
            "height": 600,
            "id": 6,
            "width": 800
        },
        {
            "file_name": "lemon_bg_0_aug_6.jpg",
            "height": 600,
            "id": 7,
            "width": 800
        },
        {
            "file_name": "lemon_bg_0_aug_7.jpg",
            "height": 600,
            "id": 8,
            "width": 800
        },
        {
            "file_name": "lemon_bg_0_aug_8.jpg",
            "height": 600,
            "id": 9,
            "width": 800
        },
        {
            "file_name": "lemon_bg_0_aug_9.jpg",
            "height": 600,
            "id": 10,
            "width": 800
        },
        {
            "file_name": "lemon_bg_0_aug_10.jpg",
            "height": 600,
            "id": 11,
            "width": 800
        },
        {
            "file_name": "lemon_bg_0_aug_11.jpg",
            "height": 600,
            "id": 12,
            "width": 800
        },
        {
            "file_name": "lemon_bg_0_aug_12.jpg",
            "height": 600,
            "id": 13,
            "width": 800
        },
        {
            "file_name": "lemon_bg_0_aug_13.jpg",
            "height": 600,
            "id": 14,
            "width": 800
        },
        {
            "file_name": "lemon_bg_0_aug_14.jpg",
            "height": 600,
            "id": 15,
            "width": 800
        },
        {
            "file_name": "lemon_bg_0_aug_15.jpg",
            "height": 600,
            "id": 16,
            "width": 800
        },
        {
            "file_name": "lemon_bg_0_aug_16.jpg",
            "height": 600,
            "id": 17,
            "width": 800
        },
        {
            "file_name": "lemon_bg_0_aug_17.jpg",
            "height": 600,
            "id": 18,
            "width": 800
        },
        {
            "file_name": "lemon_bg_0_aug_18.jpg",
            "height": 600,
            "id": 19,
            "width": 800
        },
        {
            "file_name": "lemon_bg_0_aug_19.jpg",
            "height": 600,
            "id": 20,
            "width": 800
        },
        {
            "file_name": "lemon_bg_1_aug_0.jpg",
            "height": 600,
            "id": 21,
            "width": 800
        },
        {
            "file_name": "lemon_bg_1_aug_1.jpg",
            "height": 600,
            "id": 22,
            "width": 800
        },
        {
            "file_name": "lemon_bg_1_aug_2.jpg",
            "height": 600,
            "id": 23,
            "width": 800
        },
        {
            "file_name": "lemon_bg_1_aug_3.jpg",
            "height": 600,
            "id": 24,
            "width": 800
        },
        {
            "file_name": "lemon_bg_1_aug_4.jpg",
            "height": 600,
            "id": 25,
            "width": 800
        },
        {
            "file_name": "lemon_bg_1_aug_5.jpg",
            "height": 600,
            "id": 26,
            "width": 800
        },
        {
            "file_name": "lemon_bg_1_aug_6.jpg",
            "height": 600,
            "id": 27,
            "width": 800
        },
        {
            "file_name": "lemon_bg_1_aug_7.jpg",
            "height": 600,
            "id": 28,
            "width": 800
        },
        {
            "file_name": "lemon_bg_1_aug_8.jpg",
            "height": 600,
            "id": 29,
            "width": 800
        },
        {
            "file_name": "lemon_bg_1_aug_9.jpg",
            "height": 600,
            "id": 30,
            "width": 800
        },
        {
            "file_name": "lemon_bg_1_aug_10.jpg",
            "height": 600,
            "id": 31,
            "width": 800
        },
        {
            "file_name": "lemon_bg_1_aug_11.jpg",
            "height": 600,
            "id": 32,
            "width": 800
        },
        {
            "file_name": "lemon_bg_1_aug_12.jpg",
            "height": 600,
            "id": 33,
            "width": 800
        },
        {
            "file_name": "lemon_bg_1_aug_13.jpg",
            "height": 600,
            "id": 34,
            "width": 800
        },
        {
            "file_name": "lemon_bg_1_aug_14.jpg",
            "height": 600,
            "id": 35,
            "width": 800
        },
        {
            "file_name": "lemon_bg_1_aug_15.jpg",
            "height": 600,
            "id": 36,
            "width": 800
        },
        {
            "file_name": "lemon_bg_1_aug_16.jpg",
            "height": 600,
            "id": 37,
            "width": 800
        },
        {
            "file_name": "lemon_bg_1_aug_17.jpg",
            "height": 600,
            "id": 38,
            "width": 800
        },
        {
            "file_name": "lemon_bg_1_aug_18.jpg",
            "height": 600,
            "id": 39,
            "width": 800
        },
        {
            "file_name": "lemon_bg_1_aug_19.jpg",
            "height": 600,
            "id": 40,
            "width": 800
        },
        {
            "file_name": "lemon_bg_2_aug_0.jpg",
            "height": 600,
            "id": 41,
            "width": 800
        },
        {
            "file_name": "lemon_bg_2_aug_1.jpg",
            "height": 600,
            "id": 42,
            "width": 800
        },
        {
            "file_name": "lemon_bg_2_aug_2.jpg",
            "height": 600,
            "id": 43,
            "width": 800
        },
        {
            "file_name": "lemon_bg_2_aug_3.jpg",
            "height": 600,
            "id": 44,
            "width": 800
        },
        {
            "file_name": "lemon_bg_2_aug_4.jpg",
            "height": 600,
            "id": 45,
            "width": 800
        },
        {
            "file_name": "lemon_bg_2_aug_5.jpg",
            "height": 600,
            "id": 46,
            "width": 800
        },
        {
            "file_name": "lemon_bg_2_aug_6.jpg",
            "height": 600,
            "id": 47,
            "width": 800
        },
        {
            "file_name": "lemon_bg_2_aug_7.jpg",
            "height": 600,
            "id": 48,
            "width": 800
        },
        {
            "file_name": "lemon_bg_2_aug_8.jpg",
            "height": 600,
            "id": 49,
            "width": 800
        },
        {
            "file_name": "lemon_bg_2_aug_9.jpg",
            "height": 600,
            "id": 50,
            "width": 800
        },
        {
            "file_name": "lemon_bg_2_aug_10.jpg",
            "height": 600,
            "id": 51,
            "width": 800
        },
        {
            "file_name": "lemon_bg_2_aug_11.jpg",
            "height": 600,
            "id": 52,
            "width": 800
        },
        {
            "file_name": "lemon_bg_2_aug_12.jpg",
            "height": 600,
            "id": 53,
            "width": 800
        },
        {
            "file_name": "lemon_bg_2_aug_13.jpg",
            "height": 600,
            "id": 54,
            "width": 800
        },
        {
            "file_name": "lemon_bg_2_aug_14.jpg",
            "height": 600,
            "id": 55,
            "width": 800
        },
        {
            "file_name": "lemon_bg_2_aug_15.jpg",
            "height": 600,
            "id": 56,
            "width": 800
        },
        {
            "file_name": "lemon_bg_2_aug_16.jpg",
            "height": 600,
            "id": 57,
            "width": 800
        },
        {
            "file_name": "lemon_bg_2_aug_17.jpg",
            "height": 600,
            "id": 58,
            "width": 800
        },
        {
            "file_name": "lemon_bg_2_aug_18.jpg",
            "height": 600,
            "id": 59,
            "width": 800
        },
        {
            "file_name": "lemon_bg_2_aug_19.jpg",
            "height": 600,
            "id": 60,
            "width": 800
        },
        {
            "file_name": "lemon_bg_3_aug_0.jpg",
            "height": 600,
            "id": 61,
            "width": 800
        },
        {
            "file_name": "lemon_bg_3_aug_1.jpg",
            "height": 600,
            "id": 62,
            "width": 800
        },
        {
            "file_name": "lemon_bg_3_aug_2.jpg",
            "height": 600,
            "id": 63,
            "width": 800
        },
        {
            "file_name": "lemon_bg_3_aug_3.jpg",
            "height": 600,
            "id": 64,
            "width": 800
        },
        {
            "file_name": "lemon_bg_3_aug_4.jpg",
            "height": 600,
            "id": 65,
            "width": 800
        },
        {
            "file_name": "lemon_bg_3_aug_5.jpg",
            "height": 600,
            "id": 66,
            "width": 800
        },
        {
            "file_name": "lemon_bg_3_aug_6.jpg",
            "height": 600,
            "id": 67,
            "width": 800
        },
        {
            "file_name": "lemon_bg_3_aug_7.jpg",
            "height": 600,
            "id": 68,
            "width": 800
        },
        {
            "file_name": "lemon_bg_3_aug_8.jpg",
            "height": 600,
            "id": 69,
            "width": 800
        },
        {
            "file_name": "lemon_bg_3_aug_9.jpg",
            "height": 600,
            "id": 70,
            "width": 800
        },
        {
            "file_name": "lemon_bg_3_aug_10.jpg",
            "height": 600,
            "id": 71,
            "width": 800
        },
        {
            "file_name": "lemon_bg_3_aug_11.jpg",
            "height": 600,
            "id": 72,
            "width": 800
        },
        {
            "file_name": "lemon_bg_3_aug_12.jpg",
            "height": 600,
            "id": 73,
            "width": 800
        },
        {
            "file_name": "lemon_bg_3_aug_13.jpg",
            "height": 600,
            "id": 74,
            "width": 800
        },
        {
            "file_name": "lemon_bg_3_aug_14.jpg",
            "height": 600,
            "id": 75,
            "width": 800
        },
        {
            "file_name": "lemon_bg_3_aug_15.jpg",
            "height": 600,
            "id": 76,
            "width": 800
        },
        {
            "file_name": "lemon_bg_3_aug_16.jpg",
            "height": 600,
            "id": 77,
            "width": 800
        },
        {
            "file_name": "lemon_bg_3_aug_17.jpg",
            "height": 600,
            "id": 78,
            "width": 800
        },
        {
            "file_name": "lemon_bg_3_aug_18.jpg",
            "height": 600,
            "id": 79,
            "width": 800
        },
        {
            "file_name": "lemon_bg_3_aug_19.jpg",
            "height": 600,
            "id": 80,
            "width": 800
        },
        {
            "file_name": "lemon_bg_4_aug_0.jpg",
            "height": 600,
            "id": 81,
            "width": 800
        },
        {
            "file_name": "lemon_bg_4_aug_1.jpg",
            "height": 600,
            "id": 82,
            "width": 800
        },
        {
            "file_name": "lemon_bg_4_aug_2.jpg",
            "height": 600,
            "id": 83,
            "width": 800
        },
        {
            "file_name": "lemon_bg_4_aug_3.jpg",
            "height": 600,
            "id": 84,
            "width": 800
        },
        {
            "file_name": "lemon_bg_4_aug_4.jpg",
            "height": 600,
            "id": 85,
            "width": 800
        },
        {
            "file_name": "lemon_bg_4_aug_5.jpg",
            "height": 600,
            "id": 86,
            "width": 800
        },
        {
            "file_name": "lemon_bg_4_aug_6.jpg",
            "height": 600,
            "id": 87,
            "width": 800
        },
        {
            "file_name": "lemon_bg_4_aug_7.jpg",
            "height": 600,
            "id": 88,
            "width": 800
        },
        {
            "file_name": "lemon_bg_4_aug_8.jpg",
            "height": 600,
            "id": 89,
            "width": 800
        },
        {
            "file_name": "lemon_bg_4_aug_9.jpg",
            "height": 600,
            "id": 90,
            "width": 800
        },
        {
            "file_name": "lemon_bg_4_aug_10.jpg",
            "height": 600,
            "id": 91,
            "width": 800
        },
        {
            "file_name": "lemon_bg_4_aug_11.jpg",
            "height": 600,
            "id": 92,
            "width": 800
        },
        {
            "file_name": "lemon_bg_4_aug_12.jpg",
            "height": 600,
            "id": 93,
            "width": 800
        },
        {
            "file_name": "lemon_bg_4_aug_13.jpg",
            "height": 600,
            "id": 94,
            "width": 800
        },
        {
            "file_name": "lemon_bg_4_aug_14.jpg",
            "height": 600,
            "id": 95,
            "width": 800
        },
        {
            "file_name": "lemon_bg_4_aug_15.jpg",
            "height": 600,
            "id": 96,
            "width": 800
        },
        {
            "file_name": "lemon_bg_4_aug_16.jpg",
            "height": 600,
            "id": 97,
            "width": 800
        },
        {
            "file_name": "lemon_bg_4_aug_17.jpg",
            "height": 600,
            "id": 98,
            "width": 800
        },
        {
            "file_name": "lemon_bg_4_aug_18.jpg",
            "height": 600,
            "id": 99,
            "width": 800
        },
        {
            "file_name": "lemon_bg_4_aug_19.jpg",
            "height": 600,
            "id": 100,
            "width": 800
        }
    ]
}